id;type;start;end;text;norm;score;apply;replacement
PER:549-560;PER;549;560;И.О. Петров;;0.50;false;[PER_001]
ADDR:931-1006;ADDR;931;1006;обл. Томская, р-н Ленинский, с. Первомайское, ул. Ленина, д. 5 к.1 стр.2 кв;;0.70;false;[ADDR_001]
ADDR:1034-1077;ADDR;1034;1077;город Владимир, проспект Мира, дом 10, корп;;0.70;false;[ADDR_002]
PHONE:1275-1290;PHONE;1275;1290;8 981 214 13 45;+79812141345;0.90;true;[PHONE_001]
PHONE:1331-1349;PHONE;1331;1349;+7 (917) 854-23-96;+79178542396;0.90;true;[PHONE_002]
PHONE:1390-1405;PHONE;1390;1405;8 975 532 14 13;+79755321413;0.90;true;[PHONE_003]
PHONE:1446-1461;PHONE;1446;1461;8 929 617 87 13;+79296178713;0.90;true;[PHONE_004]
PHONE:1502-1517;PHONE;1502;1517;8 991 765 99 79;+79917659979;0.90;true;[PHONE_005]
PHONE:1558-1573;PHONE;1558;1573;7-957-703-45-10;+79577034510;0.90;true;[PHONE_006]
PHONE:1614-1632;PHONE;1614;1632;+7 (943) 384-29-37;+79433842937;0.90;true;[PHONE_007]
PHONE:1673-1701;PHONE;1673;1701;+7 (911) 489-22-55 доб. 5645;;0.90;true;[PHONE_008]
PHONE:1742-1760;PHONE;1742;1760;+7 (933) 926-15-68;+79339261568;0.90;true;[PHONE_009]
PHONE:1801-1829;PHONE;1801;1829;+7 (948) 180-80-47 доб. 5935;;0.90;true;[PHONE_010]
SNILS:1871-1882;SNILS;1871;1882;79248211815;792-482-118 15;0.20;false;[SNILS_001]
SNILS:1924-1935;SNILS;1924;1935;79109753922;791-097-539 22;0.20;false;[SNILS_002]
SNILS:1977-1988;SNILS;1977;1988;79587505630;795-875-056 30;0.20;false;[SNILS_003]
PHONE:2029-2057;PHONE;2029;2057;+7 (926) 786-44-99 доб. 1179;;0.90;true;[PHONE_011]
PHONE:2098-2113;PHONE;2098;2113;7-981-275-78-41;+79812757841;0.90;true;[PHONE_012]
PHONE:2154-2169;PHONE;2154;2169;8 948 376 91 98;+79483769198;0.90;true;[PHONE_013]
SNILS:2211-2222;SNILS;2211;2222;79874321739;798-743-217 39;0.20;false;[SNILS_004]
SNILS:2264-2275;SNILS;2264;2275;79513741837;795-137-418 37;0.20;false;[SNILS_005]
PHONE:2316-2331;PHONE;2316;2331;8 927 771 73 60;+79277717360;0.90;true;[PHONE_014]
SNILS:2373-2384;SNILS;2373;2384;79332424181;793-324-241 81;0.20;false;[SNILS_006]
SNILS:2426-2437;SNILS;2426;2437;79956986484;799-569-864 84;0.20;false;[SNILS_007]
PHONE:2478-2496;PHONE;2478;2496;+7 (928) 241-75-73;+79282417573;0.90;true;[PHONE_015]
PHONE:2537-2565;PHONE;2537;2565;+7 (914) 256-90-30 доб. 6926;;0.90;true;[PHONE_016]
PHONE:2606-2634;PHONE;2606;2634;+7 (908) 494-58-86 доб. 7678;;0.90;true;[PHONE_017]
PHONE:2675-2703;PHONE;2675;2703;+7 (932) 666-11-97 доб. 1886;;0.90;true;[PHONE_018]
SNILS:2745-2756;SNILS;2745;2756;79963739253;799-637-392 53;0.20;false;[SNILS_008]
PHONE:2797-2825;PHONE;2797;2825;+7 (955) 261-68-10 доб. 4325;;0.90;true;[PHONE_019]
PHONE:2866-2894;PHONE;2866;2894;+7 (997) 282-74-23 доб. 4899;;0.90;true;[PHONE_020]
PHONE:2935-2963;PHONE;2935;2963;+7 (977) 303-29-57 доб. 2656;;0.90;true;[PHONE_021]
PHONE:3004-3019;PHONE;3004;3019;7-999-643-10-86;+79996431086;0.90;true;[PHONE_022]
PHONE:3060-3078;PHONE;3060;3078;+7 (902) 214-56-49;+79022145649;0.90;true;[PHONE_023]
PHONE:3119-3134;PHONE;3119;3134;7-930-999-82-20;+79309998220;0.90;true;[PHONE_024]
PHONE:3175-3190;PHONE;3175;3190;7-908-878-78-26;+79088787826;0.90;true;[PHONE_025]
PHONE:3231-3246;PHONE;3231;3246;7-970-269-43-77;+79702694377;0.90;true;[PHONE_026]
PHONE:3287-3302;PHONE;3287;3302;7-927-652-98-35;+79276529835;0.90;true;[PHONE_027]
PHONE:3343-3358;PHONE;3343;3358;7-985-765-57-66;+79857655766;0.90;true;[PHONE_028]
PHONE:3399-3417;PHONE;3399;3417;+7 (915) 353-38-18;+79153533818;0.90;true;[PHONE_029]
PHONE:3458-3476;PHONE;3458;3476;+7 (975) 667-39-85;+79756673985;0.90;true;[PHONE_030]
PHONE:3517-3535;PHONE;3517;3535;+7 (909) 824-90-17;+79098249017;0.90;true;[PHONE_031]
PHONE:3576-3591;PHONE;3576;3591;8 904 980 52 19;+79049805219;0.90;true;[PHONE_032]
PHONE:3632-3647;PHONE;3632;3647;8 935 785 72 37;+79357857237;0.90;true;[PHONE_033]
PHONE:3688-3703;PHONE;3688;3703;7-992-684-83-70;+79926848370;0.90;true;[PHONE_034]
SNILS:3745-3756;SNILS;3745;3756;79522942222;795-229-422 22;0.20;false;[SNILS_009]
PHONE:3797-3815;PHONE;3797;3815;+7 (954) 520-69-16;+79545206916;0.90;true;[PHONE_035]
PHONE:3856-3871;PHONE;3856;3871;8 951 845 53 23;+79518455323;0.90;true;[PHONE_036]
PHONE:3912-3927;PHONE;3912;3927;8 924 649 67 27;+79246496727;0.90;true;[PHONE_037]
PHONE:3968-3996;PHONE;3968;3996;+7 (935) 573-41-19 доб. 7270;;0.90;true;[PHONE_038]
PHONE:4037-4055;PHONE;4037;4055;+7 (912) 151-93-79;+79121519379;0.90;true;[PHONE_039]
PHONE:4096-4111;PHONE;4096;4111;7-996-969-40-31;+79969694031;0.90;true;[PHONE_040]
PHONE:4152-4167;PHONE;4152;4167;7-961-318-61-17;+79613186117;0.90;true;[PHONE_041]
PHONE:4208-4223;PHONE;4208;4223;7-900-499-43-68;+79004994368;0.90;true;[PHONE_042]
PHONE:4264-4279;PHONE;4264;4279;8 989 848 81 94;+79898488194;0.90;true;[PHONE_043]
PHONE:4320-4348;PHONE;4320;4348;+7 (924) 403-37-17 доб. 9499;;0.90;true;[PHONE_044]
PHONE:4389-4416;PHONE;4389;4416;+7 (907) 865-50-17 доб. 831;;0.90;true;[PHONE_045]
PHONE:4457-4484;PHONE;4457;4484;+7 (961) 614-77-30 доб. 941;;0.90;true;[PHONE_046]
PHONE:4525-4543;PHONE;4525;4543;+7 (910) 971-33-18;+79109713318;0.90;true;[PHONE_047]
PHONE:4584-4612;PHONE;4584;4612;+7 (986) 982-40-61 доб. 1974;;0.90;true;[PHONE_048]
PHONE:4653-4668;PHONE;4653;4668;7-931-692-86-15;+79316928615;0.90;true;[PHONE_049]
SNILS:4710-4721;SNILS;4710;4721;79846978276;798-469-782 76;0.20;false;[SNILS_010]
PHONE:4762-4777;PHONE;4762;4777;7-926-785-50-40;+79267855040;0.90;true;[PHONE_050]
SNILS:4871-4885;SNILS;4871;4885;247-510-799 81;247-510-799 81;1.00;true;[SNILS_011]
SNILS:4905-4919;SNILS;4905;4919;118-384-251 63;118-384-251 63;1.00;true;[SNILS_012]
SNILS:4939-4953;SNILS;4939;4953;354-278-498 10;354-278-498 10;1.00;true;[SNILS_013]
SNILS:4973-4987;SNILS;4973;4987;084-124-118 36;084-124-118 36;1.00;true;[SNILS_014]
SNILS:5007-5021;SNILS;5007;5021;244-935-348 91;244-935-348 91;1.00;true;[SNILS_015]
SNILS:5041-5055;SNILS;5041;5055;740-164-005 51;740-164-005 51;1.00;true;[SNILS_016]
SNILS:5075-5089;SNILS;5075;5089;242-786-801 94;242-786-801 94;1.00;true;[SNILS_017]
SNILS:5109-5123;SNILS;5109;5123;128-059-826 75;128-059-826 75;1.00;true;[SNILS_018]
SNILS:5143-5157;SNILS;5143;5157;204-505-331 11;204-505-331 11;1.00;true;[SNILS_019]
SNILS:5177-5191;SNILS;5177;5191;586-923-226 41;586-923-226 41;1.00;true;[SNILS_020]
SNILS:5211-5225;SNILS;5211;5225;025-634-216 31;025-634-216 31;1.00;true;[SNILS_021]
SNILS:5245-5259;SNILS;5245;5259;073-375-433 70;073-375-433 70;1.00;true;[SNILS_022]
SNILS:5279-5293;SNILS;5279;5293;036-541-458 49;036-541-458 49;1.00;true;[SNILS_023]
SNILS:5313-5327;SNILS;5313;5327;685-014-294 00;685-014-294 00;1.00;true;[SNILS_024]
SNILS:5347-5361;SNILS;5347;5361;019-655-698 95;019-655-698 95;1.00;true;[SNILS_025]
SNILS:5381-5395;SNILS;5381;5395;169-340-608 83;169-340-608 83;1.00;true;[SNILS_026]
SNILS:5415-5429;SNILS;5415;5429;835-615-951 28;835-615-951 28;1.00;true;[SNILS_027]
SNILS:5449-5463;SNILS;5449;5463;484-656-482 41;484-656-482 41;1.00;true;[SNILS_028]
SNILS:5483-5497;SNILS;5483;5497;366-299-468 40;366-299-468 40;1.00;true;[SNILS_029]
SNILS:5517-5531;SNILS;5517;5531;044-369-957 87;044-369-957 87;1.00;true;[SNILS_030]
SNILS:5551-5565;SNILS;5551;5565;773-872-148 48;773-872-148 48;1.00;true;[SNILS_031]
SNILS:5585-5599;SNILS;5585;5599;951-343-320 90;951-343-320 90;1.00;true;[SNILS_032]
SNILS:5619-5633;SNILS;5619;5633;037-917-693 98;037-917-693 98;1.00;true;[SNILS_033]
SNILS:5653-5667;SNILS;5653;5667;676-320-163 97;676-320-163 97;1.00;true;[SNILS_034]
SNILS:5687-5701;SNILS;5687;5701;287-083-172 00;287-083-172 00;1.00;true;[SNILS_035]
SNILS:5721-5735;SNILS;5721;5735;788-957-986 36;788-957-986 36;1.00;true;[SNILS_036]
SNILS:5755-5769;SNILS;5755;5769;872-774-348 58;872-774-348 58;1.00;true;[SNILS_037]
SNILS:5789-5803;SNILS;5789;5803;734-714-345 99;734-714-345 99;1.00;true;[SNILS_038]
SNILS:5823-5837;SNILS;5823;5837;581-223-623 74;581-223-623 74;1.00;true;[SNILS_039]
SNILS:5857-5871;SNILS;5857;5871;166-587-603 16;166-587-603 16;1.00;true;[SNILS_040]
SNILS:5890-5904;SNILS;5890;5904;669-096-705 59;669-096-705 59;0.20;false;[SNILS_041]
SNILS:5923-5937;SNILS;5923;5937;466-889-373 75;466-889-373 75;0.20;false;[SNILS_042]
SNILS:5956-5970;SNILS;5956;5970;467-065-627 11;467-065-627 11;0.20;false;[SNILS_043]
SNILS:5989-6003;SNILS;5989;6003;298-069-901 39;298-069-901 39;0.20;false;[SNILS_044]
SNILS:6022-6036;SNILS;6022;6036;627-204-653 78;627-204-653 78;0.20;false;[SNILS_045]
SNILS:6055-6069;SNILS;6055;6069;755-646-417 38;755-646-417 38;0.20;false;[SNILS_046]
SNILS:6088-6102;SNILS;6088;6102;080-531-003 16;080-531-003 16;0.20;false;[SNILS_047]
SNILS:6121-6135;SNILS;6121;6135;309-232-719 57;309-232-719 57;0.20;false;[SNILS_048]
SNILS:6154-6168;SNILS;6154;6168;374-529-912 17;374-529-912 17;0.20;false;[SNILS_049]
SNILS:6187-6201;SNILS;6187;6201;419-049-663 96;419-049-663 96;0.20;false;[SNILS_050]
SNILS:6220-6234;SNILS;6220;6234;193-149-190 85;193-149-190 85;0.20;false;[SNILS_051]
SNILS:6253-6267;SNILS;6253;6267;586-518-506 38;586-518-506 38;0.20;false;[SNILS_052]
SNILS:6286-6300;SNILS;6286;6300;716-572-628 15;716-572-628 15;0.20;false;[SNILS_053]
SNILS:6319-6333;SNILS;6319;6333;498-776-945 03;498-776-945 03;0.20;false;[SNILS_054]
SNILS:6352-6366;SNILS;6352;6366;314-737-996 99;314-737-996 99;0.20;false;[SNILS_055]
SNILS:6385-6399;SNILS;6385;6399;507-527-354 85;507-527-354 85;0.20;false;[SNILS_056]
SNILS:6418-6432;SNILS;6418;6432;549-480-831 34;549-480-831 34;0.20;false;[SNILS_057]
SNILS:6451-6465;SNILS;6451;6465;367-837-770 49;367-837-770 49;0.20;false;[SNILS_058]
SNILS:6484-6498;SNILS;6484;6498;143-634-957 73;143-634-957 73;0.20;false;[SNILS_059]
SNILS:6517-6531;SNILS;6517;6531;885-685-574 99;885-685-574 99;0.20;false;[SNILS_060]
SNILS:6550-6564;SNILS;6550;6564;443-135-182 51;443-135-182 51;0.20;false;[SNILS_061]
SNILS:6583-6597;SNILS;6583;6597;337-498-941 36;337-498-941 36;0.20;false;[SNILS_062]
SNILS:6616-6630;SNILS;6616;6630;343-524-082 54;343-524-082 54;0.20;false;[SNILS_063]
SNILS:6649-6663;SNILS;6649;6663;400-842-710 35;400-842-710 35;0.20;false;[SNILS_064]
SNILS:6682-6696;SNILS;6682;6696;947-775-204 68;947-775-204 68;0.20;false;[SNILS_065]
SNILS:6715-6729;SNILS;6715;6729;711-671-902 82;711-671-902 82;0.20;false;[SNILS_066]
SNILS:6748-6762;SNILS;6748;6762;294-131-869 88;294-131-869 88;0.20;false;[SNILS_067]
SNILS:6781-6795;SNILS;6781;6795;993-867-749 16;993-867-749 16;0.20;false;[SNILS_068]
SNILS:6814-6828;SNILS;6814;6828;649-909-133 50;649-909-133 50;0.20;false;[SNILS_069]
SNILS:6847-6861;SNILS;6847;6861;412-328-120 25;412-328-120 25;0.20;false;[SNILS_070]
SNILS:7384-7398;SNILS;7384;7398;974-034-471 21;974-034-471 21;1.00;true;[SNILS_071]
PER:7431-7443;PER;7431;7443;И.О. Сидоров;;0.50;false;[PER_002]
PER:7499-7511;PER;7499;7511;Валя Лебедев;;0.50;false;[PER_003]
PER:7633-7645;PER;7633;7645;И.О. Сидоров;;0.50;false;[PER_002]
PER:7732-7744;PER;7732;7744;И.О. Сидоров;;0.50;false;[PER_002]
PER:7800-7810;PER;7800;7810;Валя Серов;;0.50;false;[PER_004]
PER:7853-7863;PER;7853;7863;Май Иванов;;0.50;false;[PER_005]
PER:7906-7918;PER;7906;7918;И.О. Кравцов;;0.50;false;[PER_006]
PER:7961-7973;PER;7961;7973;И.О. Сидоров;;0.50;false;[PER_002]
PHONE:8158-8173;PHONE;8158;8173;7-989-512-44-74;+79895124474;0.90;true;[PHONE_051]
SNILS:8239-8253;SNILS;8239;8253;190-659-401 90;190-659-401 90;1.00;true;[SNILS_072]
PER:8286-8302;PER;8286;8302;Владимир Лебедев;;0.50;false;[PER_007]
PER:8345-8357;PER;8345;8357;И.О. Сидоров;;0.50;false;[PER_002]
PHONE:8509-8524;PHONE;8509;8524;7-973-141-32-70;+79731413270;0.90;true;[PHONE_052]
PHONE:8576-8594;PHONE;8576;8594;+7 (923) 699-65-91;+79236996591;0.90;true;[PHONE_053]
SNILS:8660-8674;SNILS;8660;8674;565-512-567 03;565-512-567 03;1.00;true;[SNILS_073]
PHONE:8724-8742;PHONE;8724;8742;+7 (984) 510-80-14;+79845108014;0.90;true;[PHONE_054]
PHONE:8794-8812;PHONE;8794;8812;+7 (932) 431-24-61;+79324312461;0.90;true;[PHONE_055]
PER:8847-8859;PER;8847;8859;И.О. Сидоров;;0.50;false;[PER_002]
PHONE:9042-9060;PHONE;9042;9060;+7 (979) 874-73-90;+79798747390;0.90;true;[PHONE_056]
PER:9150-9169;PER;9150;9169;И.О. Сидоров-Петров;;0.50;false;[PER_008]
PER:9212-9224;PER;9212;9224;И.О. Сидоров;;0.50;false;[PER_002]
SNILS:9311-9325;SNILS;9311;9325;109-324-808 47;109-324-808 47;1.00;true;[SNILS_074]
SNILS:9389-9403;SNILS;9389;9403;131-712-748 31;131-712-748 31;1.00;true;[SNILS_075]
PER:9436-9448;PER;9436;9448;И.О. Сидоров;;0.50;false;[PER_002]
PHONE:9521-9536;PHONE;9521;9536;7-953-954-71-70;+79539547170;0.90;true;[PHONE_057]
PHONE:9645-9673;PHONE;9645;9673;+7 (964) 373-10-46 доб. 4901;;0.90;true;[PHONE_058]
SNILS:9756-9767;SNILS;9756;9767;79426657958;794-266-579 58;0.20;false;[SNILS_076]
PER:9881-9893;PER;9881;9893;Саша Кравцов;;0.50;false;[PER_009]
SNILS:9967-9981;SNILS;9967;9981;360-576-627 92;360-576-627 92;1.00;true;[SNILS_077]
SNILS:10253-10267;SNILS;10253;10267;026-217-459 33;026-217-459 33;1.00;true;[SNILS_078]
PER:10300-10312;PER;10300;10312;И.О. Сидоров;;0.50;false;[PER_002]
SNILS:10399-10413;SNILS;10399;10413;158-657-809 25;158-657-809 25;1.00;true;[SNILS_079]
ADDR:10448-10478;ADDR;10448;10478;р-н Казань, ул Ломоносова д 12;;0.70;false;[ADDR_003]
PER:10502-10514;PER;10502;10514;И.О. Сидоров;;0.50;false;[PER_002]
ADDR:10572-10602;ADDR;10572;10602;город Тверь, пр-кт Победы, д 1;;0.70;false;[ADDR_004]
SNILS:10657-10671;SNILS;10657;10671;240-050-455 01;240-050-455 01;1.00;true;[SNILS_080]
SNILS:10735-10749;SNILS;10735;10749;238-692-221 97;238-692-221 97;1.00;true;[SNILS_081]
PER:10814-10833;PER;10814;10833;Саша Сидоров-Петров;;0.50;false;[PER_010]
PER:10876-10888;PER;10876;10888;И.О. Сидоров;;0.50;false;[PER_002]
SNILS:10962-10973;SNILS;10962;10973;79583619511;795-836-195 11;0.20;false;[SNILS_082]
PER:11008-11020;PER;11008;11020;И.О. Сидоров;;0.50;false;[PER_002]
PER:11126-11136;PER;11126;11136;Пётр Серов;;0.50;false;[PER_011]
SNILS:11210-11224;SNILS;11210;11224;136-959-440 08;136-959-440 08;1.00;true;[SNILS_083]
PER:11336-11348;PER;11336;11348;И.О. Сидоров;;0.50;false;[PER_002]
SNILS:11435-11449;SNILS;11435;11449;409-097-439 98;409-097-439 98;1.00;true;[SNILS_084]
PHONE:11578-11593;PHONE;11578;11593;8 928 751 34 89;+79287513489;0.90;true;[PHONE_059]
PER:11628-11640;PER;11628;11640;И.О. Сидоров;;0.50;false;[PER_002]
ADDR:11757-11795;ADDR;11757;11795;город Рим, проспект Мира, дом 10, корп;;0.70;false;[ADDR_005]
PHONE:11839-11854;PHONE;11839;11854;8 941 865 63 32;+79418656332;0.90;true;[PHONE_060]
PHONE:12007-12022;PHONE;12007;12022;7-961-925-47-53;+79619254753;0.90;true;[PHONE_061]
SNILS:12445-12459;SNILS;12445;12459;098-593-174 34;098-593-174 34;1.00;true;[SNILS_085]
PER:12492-12504;PER;12492;12504;И.О. Сидоров;;0.50;false;[PER_002]
SNILS:12591-12605;SNILS;12591;12605;120-047-113 81;120-047-113 81;1.00;true;[SNILS_086]
PER:12667-12679;PER;12667;12679;И.О. Сидоров;;0.50;false;[PER_002]
PER:12735-12747;PER;12735;12747;И.О. Сидоров;;0.50;false;[PER_002]
SNILS:12856-12870;SNILS;12856;12870;964-053-773 30;964-053-773 30;1.00;true;[SNILS_087]
PHONE:12999-13017;PHONE;12999;13017;+7 (912) 802-57-79;+79128025779;0.90;true;[PHONE_062]
SNILS:13083-13097;SNILS;13083;13097;431-713-900 52;431-713-900 52;1.00;true;[SNILS_088]
PHONE:13226-13254;PHONE;13226;13254;+7 (931) 228-82-36 доб. 1134;;0.90;true;[PHONE_063]
PER:13289-13299;PER;13289;13299;Женя Серов;;0.50;false;[PER_012]
PHONE:13701-13719;PHONE;13701;13719;+7 (922) 212-94-13;+79222129413;0.90;true;[PHONE_064]
SNILS:13772-13783;SNILS;13772;13783;79307025112;793-070-251 12;0.20;false;[SNILS_089]
PHONE:14031-14046;PHONE;14031;14046;8 965 707 23 67;+79657072367;0.90;true;[PHONE_065]
SNILS:14206-14220;SNILS;14206;14220;177-115-921 76;177-115-921 76;1.00;true;[SNILS_090]
PER:14253-14265;PER;14253;14265;Валя Кравцов;;0.50;false;[PER_013]
PER:14308-14320;PER;14308;14320;И.О. Сидоров;;0.50;false;[PER_002]
PER:14427-14439;PER;14427;14439;И.О. Сидоров;;0.50;false;[PER_002]
SNILS:14594-14608;SNILS;14594;14608;365-766-156 23;365-766-156 23;1.00;true;[SNILS_091]
PHONE:14658-14676;PHONE;14658;14676;+7 (985) 361-57-29;+79853615729;0.90;true;[PHONE_066]
ADDR:14713-14749;ADDR;14713;14749;Республика Москва, пр-кт Победы, д 1;;0.70;false;[ADDR_006]
ADDR:14775-14812;ADDR;14775;14812;край Рим, проспект Мира, дом 10, корп;;0.70;false;[ADDR_007]
PER:14902-14914;PER;14902;14914;И.О. Сидоров;;0.50;false;[PER_002]
PER:15123-15135;PER;15123;15135;И.О. Сидоров;;0.50;false;[PER_002]
ADDR:15252-15284;ADDR;15252;15284;пос. Пермь, пер. Чехова, д.7, кв;;0.70;false;[ADDR_008]
PER:15312-15324;PER;15312;15324;И.О. Сидоров;;0.50;false;[PER_002]
SNILS:15411-15425;SNILS;15411;15425;315-851-493 79;315-851-493 79;1.00;true;[SNILS_092]
SNILS:15568-15582;SNILS;15568;15582;899-809-402 02;899-809-402 02;1.00;true;[SNILS_093]
PHONE:15632-15650;PHONE;15632;15650;+7 (989) 880-49-53;+79898804953;0.90;true;[PHONE_067]
PER:15685-15700;PER;15685;15700;Надежда Кравцов;;0.50;false;[PER_014]
PER:15743-15755;PER;15743;15755;И.О. Сидоров;;0.50;false;[PER_002]
SNILS:15842-15856;SNILS;15842;15856;120-183-667 19;120-183-667 19;1.00;true;[SNILS_094]
PHONE:15906-15934;PHONE;15906;15934;+7 (920) 478-49-51 доб. 9309;;0.90;true;[PHONE_068]
SNILS:16179-16193;SNILS;16179;16193;797-643-815 81;797-643-815 81;1.00;true;[SNILS_095]
SNILS:16257-16271;SNILS;16257;16271;149-784-036 12;149-784-036 12;1.00;true;[SNILS_096]
PHONE:16486-16501;PHONE;16486;16501;8 915 107 73 65;+79151077365;0.90;true;[PHONE_069]
SNILS:16567-16581;SNILS;16567;16581;838-851-606 51;838-851-606 51;1.00;true;[SNILS_097]
SNILS:16736-16750;SNILS;16736;16750;416-052-975 64;416-052-975 64;1.00;true;[SNILS_098]
ADDR:16785-16813;ADDR;16785;16813;р-н Тверь, пр-кт Победы, д 1;;0.70;false;[ADDR_009]
SNILS:16868-16882;SNILS;16868;16882;968-164-535 61;968-164-535 61;1.00;true;[SNILS_099]
PER:17048-17060;PER;17048;17060;И.О. Сидоров;;0.50;false;[PER_002]
PHONE:17271-17289;PHONE;17271;17289;+7 (944) 844-92-28;+79448449228;0.90;true;[PHONE_070]
PER:17382-17397;PER;17382;17397;Надежда Лебедев;;0.50;false;[PER_015]
PER:17519-17531;PER;17519;17531;И.О. Сидоров;;0.50;false;[PER_002]
PER:17754-17766;PER;17754;17766;И.О. Сидоров;;0.50;false;[PER_002]
SNILS:17840-17851;SNILS;17840;17851;79195501870;791-955-018 70;0.20;false;[SNILS_100]
SNILS:17983-17994;SNILS;17983;17994;79751575574;797-515-755 74;0.20;false;[SNILS_101]
SNILS:18060-18074;SNILS;18060;18074;700-541-199 46;700-541-199 46;1.00;true;[SNILS_102]
SNILS:18161-18175;SNILS;18161;18175;935-978-207 72;935-978-207 72;1.00;true;[SNILS_103]
PER:18261-18273;PER;18261;18273;И.О. Сидоров;;0.50;false;[PER_002]
PER:18386-18398;PER;18386;18398;И.О. Сидоров;;0.50;false;[PER_002]
SNILS:18485-18499;SNILS;18485;18499;788-925-546 94;788-925-546 94;1.00;true;[SNILS_104]
SNILS:18563-18577;SNILS;18563;18577;590-515-186 96;590-515-186 96;1.00;true;[SNILS_105]
SNILS:18628-18639;SNILS;18628;18639;79328419487;793-284-194 87;0.20;false;[SNILS_106]
ADDR:18676-18726;ADDR;18676;18726;с. Санкт-Петербург, улица Гоголя, дом 3 строение 1;;0.70;false;[ADDR_010]
PER:18750-18762;PER;18750;18762;И.О. Сидоров;;0.50;false;[PER_002]
PER:18818-18830;PER;18818;18830;И.О. Сидоров;;0.50;false;[PER_002]
PER:18886-18898;PER;18886;18898;И.О. Сидоров;;0.50;false;[PER_002]
SNILS:18985-18999;SNILS;18985;18999;291-486-528 10;291-486-528 10;1.00;true;[SNILS_107]
ADDR:19034-19125;ADDR;19034;19125;"посёлок Тверь, ul. Lenina, d. 4 kv. 8 прошла встреча отдела.
В пос. Рим, ул Ломоносова д 12";;0.70;false;[ADDR_011]
SNILS:19244-19258;SNILS;19244;19258;332-214-188 24;332-214-188 24;1.00;true;[SNILS_108]
PER:19370-19382;PER;19370;19382;И.О. Сидоров;;0.50;false;[PER_002]
SNILS:19492-19506;SNILS;19492;19506;222-927-065 56;222-927-065 56;1.00;true;[SNILS_109]
PER:19539-19551;PER;19539;19551;И.О. Сидоров;;0.50;false;[PER_002]
PER:19607-19619;PER;19607;19619;И.О. Сидоров;;0.50;false;[PER_002]
PER:19675-19688;PER;19675;19688;Роман Кравцов;;0.50;false;[PER_016]
PHONE:19748-19763;PHONE;19748;19763;8 996 866 67 39;+79968666739;0.90;true;[PHONE_071]
PHONE:19815-19830;PHONE;19815;19830;7-960-955-34-57;+79609553457;0.90;true;[PHONE_072]
SNILS:19896-19910;SNILS;19896;19910;468-862-392 53;468-862-392 53;1.00;true;[SNILS_110]
PHONE:20039-20057;PHONE;20039;20057;+7 (906) 756-71-57;+79067567157;0.90;true;[PHONE_073]
PER:20092-20104;PER;20092;20104;И.О. Сидоров;;0.50;false;[PER_002]
PHONE:20286-20301;PHONE;20286;20301;8 957 625 28 65;+79576252865;0.90;true;[PHONE_074]
SNILS:20446-20460;SNILS;20446;20460;506-068-536 75;506-068-536 75;1.00;true;[SNILS_111]
PHONE:20568-20583;PHONE;20568;20583;8 912 959 93 52;+79129599352;0.90;true;[PHONE_075]
PER:20752-20764;PER;20752;20764;И.О. Сидоров;;0.50;false;[PER_002]
SNILS:20851-20865;SNILS;20851;20865;790-104-328 77;790-104-328 77;1.00;true;[SNILS_112]
PER:20898-20910;PER;20898;20910;И.О. Сидоров;;0.50;false;[PER_002]
PER:20996-21007;PER;20996;21007;И.О. Петров;;0.50;false;[PER_001]
PHONE:21237-21265;PHONE;21237;21265;+7 (954) 101-88-55 доб. 3951;;0.90;true;[PHONE_076]
SNILS:21331-21345;SNILS;21331;21345;218-518-888 96;218-518-888 96;1.00;true;[SNILS_113]
SNILS:21418-21429;SNILS;21418;21429;79328651255;793-286-512 55;0.20;false;[SNILS_114]
PER:21464-21476;PER;21464;21476;Вера Лебедев;;0.50;false;[PER_017]
PHONE:21567-21582;PHONE;21567;21582;8 982 279 97 69;+79822799769;0.90;true;[PHONE_077]
PER:21696-21705;PER;21696;21705;Май Батов;;0.50;false;[PER_018]
SNILS:21858-21872;SNILS;21858;21872;043-030-548 99;043-030-548 99;1.00;true;[SNILS_115]
SNILS:21936-21950;SNILS;21936;21950;874-034-505 05;874-034-505 05;1.00;true;[SNILS_116]
PHONE:22000-22015;PHONE;22000;22015;7-915-918-57-65;+79159185765;0.90;true;[PHONE_078]
SNILS:22081-22095;SNILS;22081;22095;527-758-416 27;527-758-416 27;1.00;true;[SNILS_117]
SNILS:22214-22225;SNILS;22214;22225;79412052051;794-120-520 51;0.20;false;[SNILS_118]
SNILS:22291-22305;SNILS;22291;22305;962-757-059 55;962-757-059 55;1.00;true;[SNILS_119]
SNILS:22369-22383;SNILS;22369;22383;401-658-202 43;401-658-202 43;1.00;true;[SNILS_120]
PER:22604-22616;PER;22604;22616;И.О. Сидоров;;0.50;false;[PER_002]
PHONE:22689-22704;PHONE;22689;22704;8 946 492 82 14;+79464928214;0.90;true;[PHONE_079]
PER:22739-22751;PER;22739;22751;И.О. Сидоров;;0.50;false;[PER_002]
SNILS:22838-22852;SNILS;22838;22852;557-192-856 31;557-192-856 31;1.00;true;[SNILS_121]
PHONE:22902-22917;PHONE;22902;22917;8 983 385 41 24;+79833854124;0.90;true;[PHONE_080]
SNILS:22983-22997;SNILS;22983;22997;868-144-739 52;868-144-739 52;1.00;true;[SNILS_122]
PHONE:23047-23065;PHONE;23047;23065;+7 (988) 602-35-25;+79886023525;0.90;true;[PHONE_081]
SNILS:23131-23145;SNILS;23131;23145;271-551-884 83;271-551-884 83;1.00;true;[SNILS_123]
SNILS:23196-23207;SNILS;23196;23207;79208289991;792-082-899 91;0.20;false;[SNILS_124]
SNILS:23295-23309;SNILS;23295;23309;058-957-829 38;058-957-829 38;1.00;true;[SNILS_125]
PER:23405-23417;PER;23405;23417;И.О. Сидоров;;0.50;false;[PER_002]
PER:23473-23485;PER;23473;23485;И.О. Сидоров;;0.50;false;[PER_002]
SNILS:23572-23586;SNILS;23572;23586;866-912-517 51;866-912-517 51;1.00;true;[SNILS_126]
SNILS:23650-23664;SNILS;23650;23664;852-892-268 51;852-892-268 51;1.00;true;[SNILS_127]
PHONE:23854-23882;PHONE;23854;23882;+7 (921) 265-51-38 доб. 5679;;0.90;true;[PHONE_082]
SNILS:23935-23946;SNILS;23935;23946;79103563591;791-035-635 91;0.20;false;[SNILS_128]
PER:23981-23993;PER;23981;23993;И.О. Кравцов;;0.50;false;[PER_006]
PER:24310-24322;PER;24310;24322;И.О. Сидоров;;0.50;false;[PER_002]
PHONE:24395-24410;PHONE;24395;24410;7-961-350-97-61;+79613509761;0.90;true;[PHONE_083]
SNILS:24547-24561;SNILS;24547;24561;773-592-555 51;773-592-555 51;1.00;true;[SNILS_129]
SNILS:24625-24639;SNILS;24625;24639;258-815-371 09;258-815-371 09;1.00;true;[SNILS_130]
SNILS:24690-24701;SNILS;24690;24701;79573532822;795-735-328 22;0.20;false;[SNILS_131]
SNILS:24767-24781;SNILS;24767;24781;963-259-532 44;963-259-532 44;1.00;true;[SNILS_132]
SNILS:24845-24859;SNILS;24845;24859;877-470-168 57;877-470-168 57;1.00;true;[SNILS_133]
SNILS:24923-24937;SNILS;24923;24937;339-500-479 78;339-500-479 78;1.00;true;[SNILS_134]
PER:25049-25061;PER;25049;25061;И.О. Сидоров;;0.50;false;[PER_002]
PER:25117-25129;PER;25117;25129;И.О. Сидоров;;0.50;false;[PER_002]
SNILS:25216-25230;SNILS;25216;25230;480-162-456 71;480-162-456 71;1.00;true;[SNILS_135]
PHONE:25280-25295;PHONE;25280;25295;8 905 510 16 82;+79055101682;0.90;true;[PHONE_084]
PHONE:25347-25362;PHONE;25347;25362;7-970-395-19-59;+79703951959;0.90;true;[PHONE_085]
SNILS:25538-25552;SNILS;25538;25552;558-523-986 40;558-523-986 40;1.00;true;[SNILS_136]
PHONE:25631-25659;PHONE;25631;25659;+7 (960) 631-68-29 доб. 9942;;0.90;true;[PHONE_086]
SNILS:25776-25787;SNILS;25776;25787;79205028848;792-050-288 48;0.20;false;[SNILS_137]
PHONE:25869-25887;PHONE;25869;25887;+7 (960) 935-12-57;+79609351257;0.90;true;[PHONE_087]
SNILS:25953-25967;SNILS;25953;25967;940-974-993 64;940-974-993 64;1.00;true;[SNILS_138]
PER:26000-26012;PER;26000;26012;И.О. Сидоров;;0.50;false;[PER_002]
PER:26137-26149;PER;26137;26149;И.О. Сидоров;;0.50;false;[PER_002]
PER:26205-26217;PER;26205;26217;И.О. Сидоров;;0.50;false;[PER_002]
PER:26294-26306;PER;26294;26306;И.О. Сидоров;;0.50;false;[PER_002]
ADDR:26364-26406;ADDR;26364;26406;обл. Казань, ул. Ленина, д. 5 к.1 стр.2 кв;;0.70;false;[ADDR_012]
PHONE:26450-26465;PHONE;26450;26465;7-953-255-62-98;+79532556298;0.90;true;[PHONE_088]
PHONE:26540-26555;PHONE;26540;26555;8 984 589 77 58;+79845897758;0.90;true;[PHONE_089]
SNILS:26621-26635;SNILS;26621;26635;858-549-733 82;858-549-733 82;1.00;true;[SNILS_139]
PHONE:26685-26700;PHONE;26685;26700;8 971 405 38 48;+79714053848;0.90;true;[PHONE_090]
PER:26735-26747;PER;26735;26747;И.О. Сидоров;;0.50;false;[PER_002]
PER:26803-26815;PER;26803;26815;И.О. Сидоров;;0.50;false;[PER_002]
SNILS:26902-26916;SNILS;26902;26916;575-844-198 47;575-844-198 47;1.00;true;[SNILS_140]
SNILS:26980-26994;SNILS;26980;26994;652-404-157 67;652-404-157 67;1.00;true;[SNILS_141]
PER:27027-27039;PER;27027;27039;И.О. Сидоров;;0.50;false;[PER_002]
SNILS:27113-27124;SNILS;27113;27124;79955903735;799-559-037 35;0.20;false;[SNILS_142]
PER:27222-27233;PER;27222;27233;Саша Иванов;;0.50;false;[PER_019]
ADDR:27278-27320;ADDR;27278;27320;обл. Тверь, улица Гоголя, дом 3 строение 1;;0.70;false;[ADDR_013]
ADDR:27346-27397;ADDR;27346;27397;край Санкт-Петербург, ул. Ленина, д. 5 к.1 стр.2 кв;;0.70;false;[ADDR_014]
PER:27424-27435;PER;27424;27435;Елена Юрьев;;0.50;false;[PER_020]
SNILS:27509-27523;SNILS;27509;27523;734-540-193 88;734-540-193 88;1.00;true;[SNILS_143]
PER:27640-27652;PER;27640;27652;И.О. Сидоров;;0.50;false;[PER_002]
PHONE:27804-27822;PHONE;27804;27822;+7 (904) 109-48-82;+79041094882;0.90;true;[PHONE_091]
PHONE:27874-27889;PHONE;27874;27889;7-936-565-92-79;+79365659279;0.90;true;[PHONE_092]
PER:27924-27945;PER;27924;27945;Максим Сидоров-Петров;;0.50;false;[PER_021]
PHONE:28005-28020;PHONE;28005;28020;7-924-928-24-52;+79249282452;0.90;true;[PHONE_093]
PER:28055-28067;PER;28055;28067;И.О. Сидоров;;0.50;false;[PER_002]
PHONE:28140-28168;PHONE;28140;28168;+7 (991) 290-11-53 доб. 4843;;0.90;true;[PHONE_094]
PER:28203-28215;PER;28203;28215;И.О. Сидоров;;0.50;false;[PER_002]
PER:28355-28368;PER;28355;28368;Мария Кравцов;;0.50;false;[PER_022]
PER:28490-28502;PER;28490;28502;И.О. Сидоров;;0.50;false;[PER_002]
SNILS:28589-28603;SNILS;28589;28603;685-161-227 08;685-161-227 08;1.00;true;[SNILS_144]
PHONE:28653-28668;PHONE;28653;28668;7-931-106-43-59;+79311064359;0.90;true;[PHONE_095]
SNILS:28800-28811;SNILS;28800;28811;79424098483;794-240-984 83;0.20;false;[SNILS_145]
PER:28846-28858;PER;28846;28858;И.О. Сидоров;;0.50;false;[PER_002]
PHONE:28931-28946;PHONE;28931;28946;7-988-341-17-95;+79883411795;0.90;true;[PHONE_096]
PHONE:28998-29016;PHONE;28998;29016;+7 (920) 515-97-74;+79205159774;0.90;true;[PHONE_097]
PER:29051-29063;PER;29051;29063;И.О. Сидоров;;0.50;false;[PER_002]
PHONE:29136-29151;PHONE;29136;29151;7-947-729-38-38;+79477293838;0.90;true;[PHONE_098]
PER:29186-29197;PER;29186;29197;Роман Батов;;0.50;false;[PER_023]
PER:29341-29353;PER;29341;29353;И.О. Сидоров;;0.50;false;[PER_002]
PER:29488-29498;PER;29488;29498;Саша Юрьев;;0.50;false;[PER_024]
PHONE:29667-29695;PHONE;29667;29695;+7 (909) 677-24-17 доб. 8982;;0.90;true;[PHONE_099]
PER:29730-29742;PER;29730;29742;Макс Сидоров;;0.50;false;[PER_025]
SNILS:29954-29968;SNILS;29954;29968;286-790-874 51;286-790-874 51;1.00;true;[SNILS_146]
PER:30001-30013;PER;30001;30013;И.О. Сидоров;;0.50;false;[PER_002]
PER:30123-30135;PER;30123;30135;И.О. Сидоров;;0.50;false;[PER_002]
PER:30191-30201;PER;30191;30201;Май Иванов;;0.50;false;[PER_005]
SNILS:30275-30289;SNILS;30275;30289;518-017-046 55;518-017-046 55;1.00;true;[SNILS_147]
PER:30322-30337;PER;30322;30337;Надежда Лебедев;;0.50;false;[PER_015]
PER:30380-30392;PER;30380;30392;И.О. Сидоров;;0.50;false;[PER_002]
PER:30448-30460;PER;30448;30460;И.О. Сидоров;;0.50;false;[PER_002]
PER:30516-30528;PER;30516;30528;И.О. Сидоров;;0.50;false;[PER_002]
SNILS:30615-30629;SNILS;30615;30629;567-661-825 43;567-661-825 43;1.00;true;[SNILS_148]
PER:30760-30772;PER;30760;30772;И.О. Сидоров;;0.50;false;[PER_002]
PER:30828-30840;PER;30828;30840;И.О. Сидоров;;0.50;false;[PER_002]
PER:31043-31055;PER;31043;31055;И.О. Сидоров;;0.50;false;[PER_002]
PER:31242-31253;PER;31242;31253;Женя Петров;;0.50;false;[PER_026]
SNILS:31440-31454;SNILS;31440;31454;383-028-439 80;383-028-439 80;1.00;true;[SNILS_149]
SNILS:31505-31516;SNILS;31505;31516;79737129651;797-371-296 51;0.20;false;[SNILS_150]
SNILS:31642-31656;SNILS;31642;31656;440-892-687 08;440-892-687 08;1.00;true;[SNILS_151]
PHONE:31755-31770;PHONE;31755;31770;7-989-526-62-29;+79895266229;0.90;true;[PHONE_100]
PER:31805-31824;PER;31805;31824;Макс Сидоров-Петров;;0.50;false;[PER_027]
PER:32004-32016;PER;32004;32016;И.О. Сидоров;;0.50;false;[PER_002]
PER:32072-32084;PER;32072;32084;Роман Иванов;;0.50;false;[PER_028]
SNILS:32167-32178;SNILS;32167;32178;79264389220;792-643-892 20;0.20;false;[SNILS_152]
PHONE:32290-32308;PHONE;32290;32308;+7 (948) 789-87-87;+79487898787;0.90;true;[PHONE_101]
SNILS:32432-32446;SNILS;32432;32446;354-033-173 41;354-033-173 41;1.00;true;[SNILS_153]
PER:32479-32491;PER;32479;32491;И.О. Сидоров;;0.50;false;[PER_002]
SNILS:32588-32599;SNILS;32588;32599;79485777893;794-857-778 93;0.20;false;[SNILS_154]
PHONE:32651-32666;PHONE;32651;32666;7-946-625-73-69;+79466257369;0.90;true;[PHONE_102]
PHONE:32876-32903;PHONE;32876;32903;+7 (926) 479-50-62 доб. 759;;0.90;true;[PHONE_103]
PER:33017-33031;PER;33017;33031;Надежда Иванов;;0.50;false;[PER_029]
PHONE:33091-33106;PHONE;33091;33106;8 970 698 84 63;+79706988463;0.90;true;[PHONE_104]
SNILS:33239-33253;SNILS;33239;33253;937-854-777 83;937-854-777 83;1.00;true;[SNILS_155]
PER:33286-33298;PER;33286;33298;Иван Сидоров;;0.50;false;[PER_030]
PER:33341-33360;PER;33341;33360;Макс Сидоров-Петров;;0.50;false;[PER_027]
PER:33403-33413;PER;33403;33413;Макс Юрьев;;0.50;false;[PER_031]
PER:33606-33618;PER;33606;33618;И.О. Сидоров;;0.50;false;[PER_002]
PER:33807-33819;PER;33807;33819;И.О. Сидоров;;0.50;false;[PER_002]
PER:33875-33884;PER;33875;33884;Май Батов;;0.50;false;[PER_018]
PER:34020-34032;PER;34020;34032;И.О. Сидоров;;0.50;false;[PER_002]
PHONE:34166-34181;PHONE;34166;34181;8 968 393 12 74;+79683931274;0.90;true;[PHONE_105]
PER:34277-34289;PER;34277;34289;Женя Кравцов;;0.50;false;[PER_032]
PER:34444-34456;PER;34444;34456;И.О. Сидоров;;0.50;false;[PER_002]
PER:34591-34603;PER;34591;34603;И.О. Сидоров;;0.50;false;[PER_002]
SNILS:34827-34841;SNILS;34827;34841;870-021-765 79;870-021-765 79;1.00;true;[SNILS_156]
PER:34975-34987;PER;34975;34987;И.О. Сидоров;;0.50;false;[PER_002]
PER:35073-35085;PER;35073;35085;И.О. Сидоров;;0.50;false;[PER_002]
SNILS:35159-35170;SNILS;35159;35170;79696779414;796-967-794 14;0.20;false;[SNILS_157]
ADDR:35282-35320;ADDR;35282;35320;р-н Томск, проспект Мира, дом 10, корп;;0.70;false;[ADDR_015]
PER:35379-35391;PER;35379;35391;И.О. Сидоров;;0.50;false;[PER_002]
PER:35501-35513;PER;35501;35513;И.О. Сидоров;;0.50;false;[PER_002]
SNILS:35587-35598;SNILS;35587;35598;79062006539;790-620-065 39;0.20;false;[SNILS_158]
SNILS:35775-35789;SNILS;35775;35789;735-866-296 52;735-866-296 52;1.00;true;[SNILS_159]
ADDR:35887-35932;ADDR;35887;35932;Республика Томск, проспект Мира, дом 10, корп;;0.70;false;[ADDR_016]
PER:35959-35971;PER;35959;35971;И.О. Сидоров;;0.50;false;[PER_002]
PER:36106-36118;PER;36106;36118;И.О. Сидоров;;0.50;false;[PER_002]
SNILS:36248-36259;SNILS;36248;36259;79131931049;791-319-310 49;0.20;false;[SNILS_160]
PHONE:36390-36405;PHONE;36390;36405;7-913-235-21-33;+79132352133;0.90;true;[PHONE_106]
SNILS:36591-36605;SNILS;36591;36605;183-982-622 18;183-982-622 18;1.00;true;[SNILS_161]
PHONE:36655-36670;PHONE;36655;36670;8 938 374 73 28;+79383747328;0.90;true;[PHONE_107]
SNILS:36736-36750;SNILS;36736;36750;464-715-437 02;464-715-437 02;1.00;true;[SNILS_162]
PHONE:37063-37078;PHONE;37063;37078;8 956 442 65 93;+79564426593;0.90;true;[PHONE_108]
SNILS:37131-37142;SNILS;37131;37142;79417179835;794-171-798 35;0.20;false;[SNILS_163]
PHONE:37250-37265;PHONE;37250;37265;8 994 811 91 72;+79948119172;0.90;true;[PHONE_109]
PHONE:37317-37345;PHONE;37317;37345;+7 (948) 387-60-56 доб. 1875;;0.90;true;[PHONE_110]
PER:37380-37392;PER;37380;37392;Макс Сидоров;;0.50;false;[PER_025]
PER:37435-37447;PER;37435;37447;И.О. Сидоров;;0.50;false;[PER_002]
PHONE:37621-37636;PHONE;37621;37636;8 988 170 62 96;+79881706296;0.90;true;[PHONE_111]
PER:37671-37683;PER;37671;37683;И.О. Сидоров;;0.50;false;[PER_002]
PHONE:37756-37771;PHONE;37756;37771;7-930-358-94-29;+79303589429;0.90;true;[PHONE_112]
PER:37992-38003;PER;37992;38003;Рим Кравцов;;0.50;false;[PER_033]
PER:38046-38058;PER;38046;38058;И.О. Сидоров;;0.50;false;[PER_002]
PER:38114-38126;PER;38114;38126;И.О. Сидоров;;0.50;false;[PER_002]
PER:38182-38194;PER;38182;38194;И.О. Сидоров;;0.50;false;[PER_002]
SNILS:38281-38295;SNILS;38281;38295;561-014-388 53;561-014-388 53;1.00;true;[SNILS_164]
PER:38438-38450;PER;38438;38450;И.О. Сидоров;;0.50;false;[PER_002]
SNILS:38565-38579;SNILS;38565;38579;146-112-545 29;146-112-545 29;1.00;true;[SNILS_165]
SNILS:38643-38657;SNILS;38643;38657;387-571-775 47;387-571-775 47;1.00;true;[SNILS_166]
ADDR:38763-38790;ADDR;38763;38790;пос. Рим, пр-кт Победы, д 1;;0.70;false;[ADDR_017]
PER:38814-38826;PER;38814;38826;И.О. Сидоров;;0.50;false;[PER_002]
PER:38882-38896;PER;38882;38896;Максим Сидоров;;0.50;false;[PER_034]
SNILS:38992-39006;SNILS;38992;39006;226-609-379 79;226-609-379 79;1.00;true;[SNILS_167]
SNILS:39070-39084;SNILS;39070;39084;603-341-918 53;603-341-918 53;1.00;true;[SNILS_168]
PER:39173-39185;PER;39173;39185;Роман Петров;;0.50;false;[PER_035]
PHONE:39245-39273;PHONE;39245;39273;+7 (985) 983-72-77 доб. 5144;;0.90;true;[PHONE_113]
SNILS:39339-39353;SNILS;39339;39353;969-155-792 82;969-155-792 82;1.00;true;[SNILS_169]
PER:39465-39477;PER;39465;39477;И.О. Сидоров;;0.50;false;[PER_002]
PER:39533-39545;PER;39533;39545;И.О. Сидоров;;0.50;false;[PER_002]
SNILS:39698-39709;SNILS;39698;39709;79787042096;797-870-420 96;0.20;false;[SNILS_170]
PER:39802-39812;PER;39802;39812;Иван Батов;;0.50;false;[PER_036]
SNILS:39946-39960;SNILS;39946;39960;929-662-782 71;929-662-782 71;1.00;true;[SNILS_171]
PHONE:40039-40054;PHONE;40039;40054;7-957-734-16-55;+79577341655;0.90;true;[PHONE_114]
PER:40089-40099;PER;40089;40099;Женя Серов;;0.50;false;[PER_012]
SNILS:40173-40187;SNILS;40173;40187;887-676-772 14;887-676-772 14;1.00;true;[SNILS_172]
ADDR:40222-40255;ADDR;40222;40255;с. Владимир, пер. Чехова, д.7, кв;;0.70;false;[ADDR_018]
ADDR:40285-40317;ADDR;40285;40317;край Томск, пер. Чехова, д.7, кв;;0.70;false;[ADDR_019]
PHONE:40362-40390;PHONE;40362;40390;+7 (921) 899-68-82 доб. 8125;;0.90;true;[PHONE_115]
SNILS:40508-40522;SNILS;40508;40522;836-134-074 92;836-134-074 92;1.00;true;[SNILS_173]
PHONE:40572-40600;PHONE;40572;40600;+7 (911) 549-25-40 доб. 3448;;0.90;true;[PHONE_116]
PER:40635-40647;PER;40635;40647;И.О. Сидоров;;0.50;false;[PER_002]
PHONE:40720-40748;PHONE;40720;40748;+7 (990) 724-90-64 доб. 2729;;0.90;true;[PHONE_117]
PER:40783-40793;PER;40783;40793;Женя Серов;;0.50;false;[PER_012]
PER:40836-40847;PER;40836;40847;Рим Кравцов;;0.50;false;[PER_033]
SNILS:40908-40919;SNILS;40908;40919;79683878678;796-838-786 78;0.20;false;[SNILS_174]
PER:40954-40966;PER;40954;40966;И.О. Сидоров;;0.50;false;[PER_002]
PHONE:41039-41054;PHONE;41039;41054;8 937 686 44 75;+79376864475;0.90;true;[PHONE_118]
SNILS:41278-41292;SNILS;41278;41292;042-232-536 07;042-232-536 07;1.00;true;[SNILS_175]
SNILS:41356-41370;SNILS;41356;41370;294-667-116 21;294-667-116 21;1.00;true;[SNILS_176]
PHONE:41453-41471;PHONE;41453;41471;+7 (974) 102-21-68;+79741022168;0.90;true;[PHONE_119]
PHONE:41624-41652;PHONE;41624;41652;+7 (936) 445-80-83 доб. 2149;;0.90;true;[PHONE_120]
SNILS:41797-41811;SNILS;41797;41811;500-170-127 00;500-170-127 00;1.00;true;[SNILS_177]
SNILS:41875-41889;SNILS;41875;41889;063-242-415 27;063-242-415 27;1.00;true;[SNILS_178]
PHONE:41939-41957;PHONE;41939;41957;+7 (910) 480-95-93;+79104809593;0.90;true;[PHONE_121]
SNILS:42023-42037;SNILS;42023;42037;436-110-371 36;436-110-371 36;1.00;true;[SNILS_179]
PER:42125-42137;PER;42125;42137;И.О. Сидоров;;0.50;false;[PER_002]
SNILS:42224-42238;SNILS;42224;42238;005-162-713 04;005-162-713 04;1.00;true;[SNILS_180]
SNILS:42302-42316;SNILS;42302;42316;111-554-262 14;111-554-262 14;1.00;true;[SNILS_181]
PER:42349-42361;PER;42349;42361;И.О. Сидоров;;0.50;false;[PER_002]
PER:42417-42429;PER;42417;42429;И.О. Сидоров;;0.50;false;[PER_002]
PER:42659-42671;PER;42659;42671;Вера Кравцов;;0.50;false;[PER_037]
PER:42714-42726;PER;42714;42726;И.О. Сидоров;;0.50;false;[PER_002]
SNILS:42813-42827;SNILS;42813;42827;565-234-138 87;565-234-138 87;1.00;true;[SNILS_182]
PER:42883-42897;PER;42883;42897;Максим Кравцов;;0.50;false;[PER_038]
SNILS:43521-43532;SNILS;43521;43532;79271401760;792-714-017 60;0.20;false;[SNILS_183]
PER:43567-43579;PER;43567;43579;И.О. Сидоров;;0.50;false;[PER_002]
PER:43635-43647;PER;43635;43647;И.О. Сидоров;;0.50;false;[PER_002]
PER:43933-43945;PER;43933;43945;И.О. Сидоров;;0.50;false;[PER_002]
PER:44001-44013;PER;44001;44013;И.О. Сидоров;;0.50;false;[PER_002]
PER:44069-44081;PER;44069;44081;И.О. Сидоров;;0.50;false;[PER_002]
ADDR:44251-44291;ADDR;44251;44291;с. Калуга, ул. Ленина, д. 5 к.1 стр.2 кв;;0.70;false;[ADDR_020]
PER:44318-44330;PER;44318;44330;И.О. Сидоров;;0.50;false;[PER_002]
PER:44386-44398;PER;44386;44398;И.О. Сидоров;;0.50;false;[PER_002]
PER:44454-44466;PER;44454;44466;И.О. Сидоров;;0.50;false;[PER_002]
PER:44522-44534;PER;44522;44534;И.О. Сидоров;;0.50;false;[PER_002]
PER:44590-44601;PER;44590;44601;Вера Иванов;;0.50;false;[PER_039]
PER:44644-44656;PER;44644;44656;И.О. Сидоров;;0.50;false;[PER_002]
PER:44712-44728;PER;44712;44728;Владимир Сидоров;;0.50;false;[PER_040]
SNILS:44802-44816;SNILS;44802;44816;588-425-241 32;588-425-241 32;1.00;true;[SNILS_184]
SNILS:45029-45043;SNILS;45029;45043;785-079-252 49;785-079-252 49;1.00;true;[SNILS_185]
PHONE:45093-45108;PHONE;45093;45108;8 998 205 83 96;+79982058396;0.90;true;[PHONE_122]
PER:45143-45155;PER;45143;45155;И.О. Сидоров;;0.50;false;[PER_002]
SNILS:45264-45278;SNILS;45264;45278;562-208-635 79;562-208-635 79;1.00;true;[SNILS_186]
PER:45311-45322;PER;45311;45322;Елена Батов;;0.50;false;[PER_041]
PHONE:45382-45400;PHONE;45382;45400;+7 (934) 945-19-83;+79349451983;0.90;true;[PHONE_123]
PHONE:45615-45643;PHONE;45615;45643;+7 (999) 965-49-51 доб. 1425;;0.90;true;[PHONE_124]
SNILS:45709-45723;SNILS;45709;45723;053-494-937 85;053-494-937 85;1.00;true;[SNILS_187]
PHONE:45773-45788;PHONE;45773;45788;8 975 605 35 79;+79756053579;0.90;true;[PHONE_125]
SNILS:45945-45959;SNILS;45945;45959;413-836-702 74;413-836-702 74;1.00;true;[SNILS_188]
PER:45992-46004;PER;45992;46004;И.О. Сидоров;;0.50;false;[PER_002]
SNILS:46078-46089;SNILS;46078;46089;79111443976;791-114-439 76;0.20;false;[SNILS_189]
SNILS:46155-46169;SNILS;46155;46169;191-826-199 99;191-826-199 99;1.00;true;[SNILS_190]
ADDR:46204-46242;ADDR;46204;46242;р-н Тверь, проспект Мира, дом 10, корп;;0.70;false;[ADDR_021]
SNILS:46287-46298;SNILS;46287;46298;79339715060;793-397-150 60;0.20;false;[SNILS_191]
SNILS:46364-46378;SNILS;46364;46378;431-329-121 38;431-329-121 38;1.00;true;[SNILS_192]
PER:46411-46431;PER;46411;46431;Роман Сидоров-Петров;;0.50;false;[PER_042]
PHONE:46491-46506;PHONE;46491;46506;7-952-223-78-55;+79522237855;0.90;true;[PHONE_126]
SNILS:46559-46570;SNILS;46559;46570;79593712521;795-937-125 21;0.20;false;[SNILS_193]
PER:46684-46696;PER;46684;46696;И.О. Сидоров;;0.50;false;[PER_002]
PER:46752-46764;PER;46752;46764;И.О. Сидоров;;0.50;false;[PER_002]
PER:46842-46854;PER;46842;46854;И.О. Сидоров;;0.50;false;[PER_002]
PER:47053-47065;PER;47053;47065;И.О. Сидоров;;0.50;false;[PER_002]
PER:47222-47232;PER;47222;47232;Женя Серов;;0.50;false;[PER_012]
SNILS:47306-47320;SNILS;47306;47320;519-941-013 98;519-941-013 98;1.00;true;[SNILS_194]
PER:47353-47365;PER;47353;47365;И.О. Сидоров;;0.50;false;[PER_002]
SNILS:47452-47466;SNILS;47452;47466;215-107-029 07;215-107-029 07;1.00;true;[SNILS_195]
SNILS:47530-47544;SNILS;47530;47544;670-662-532 05;670-662-532 05;1.00;true;[SNILS_196]
SNILS:47595-47606;SNILS;47595;47606;79355562914;793-555-629 14;0.20;false;[SNILS_197]
SNILS:47672-47686;SNILS;47672;47686;687-014-626 14;687-014-626 14;1.00;true;[SNILS_198]
PER:47779-47791;PER;47779;47791;И.О. Сидоров;;0.50;false;[PER_002]
SNILS:48058-48072;SNILS;48058;48072;598-564-205 58;598-564-205 58;1.00;true;[SNILS_199]
SNILS:48157-48171;SNILS;48157;48171;859-321-334 24;859-321-334 24;1.00;true;[SNILS_200]
PHONE:48487-48502;PHONE;48487;48502;7-972-677-28-82;+79726772882;0.90;true;[PHONE_127]
PER:48717-48729;PER;48717;48729;И.О. Сидоров;;0.50;false;[PER_002]
ADDR:48850-48900;ADDR;48850;48900;город Санкт-Петербург, проспект Мира, дом 10, корп;;0.70;false;[ADDR_022]
SNILS:49068-49082;SNILS;49068;49082;915-452-267 04;915-452-267 04;1.00;true;[SNILS_201]
PER:49115-49127;PER;49115;49127;И.О. Сидоров;;0.50;false;[PER_002]
PHONE:49200-49215;PHONE;49200;49215;8 922 824 81 98;+79228248198;0.90;true;[PHONE_128]
PER:49250-49262;PER;49250;49262;И.О. Сидоров;;0.50;false;[PER_002]
PHONE:49364-49379;PHONE;49364;49379;7-916-281-10-99;+79162811099;0.90;true;[PHONE_129]
PER:49697-49706;PER;49697;49706;Май Серов;;0.50;false;[PER_043]
PER:49749-49761;PER;49749;49761;И.О. Сидоров;;0.50;false;[PER_002]
PER:49817-49829;PER;49817;49829;И.О. Сидоров;;0.50;false;[PER_002]
PER:49885-49897;PER;49885;49897;И.О. Сидоров;;0.50;false;[PER_002]
PER:49953-49965;PER;49953;49965;И.О. Сидоров;;0.50;false;[PER_002]
PHONE:50038-50056;PHONE;50038;50056;+7 (957) 111-43-36;+79571114336;0.90;true;[PHONE_130]
PHONE:50108-50123;PHONE;50108;50123;7-932-905-23-10;+79329052310;0.90;true;[PHONE_131]
SNILS:50189-50203;SNILS;50189;50203;626-765-861 39;626-765-861 39;1.00;true;[SNILS_202]
SNILS:50346-50360;SNILS;50346;50360;932-710-405 82;932-710-405 82;1.00;true;[SNILS_203]
PHONE:50410-50425;PHONE;50410;50425;8 913 175 53 31;+79131755331;0.90;true;[PHONE_132]
PER:50460-50472;PER;50460;50472;И.О. Сидоров;;0.50;false;[PER_002]
PER:50616-50629;PER;50616;50629;Елена Сидоров;;0.50;false;[PER_044]
ADDR:50674-50716;ADDR;50674;50716;р-н Москва, улица Гоголя, дом 3 строение 1;;0.70;false;[ADDR_023]
PER:50740-50751;PER;50740;50751;Елена Батов;;0.50;false;[PER_041]
PER:51063-51075;PER;51063;51075;И.О. Сидоров;;0.50;false;[PER_002]
PER:51131-51143;PER;51131;51143;И.О. Сидоров;;0.50;false;[PER_002]
PER:51230-51241;PER;51230;51241;И.О. Петров;;0.50;false;[PER_001]
SNILS:51315-51329;SNILS;51315;51329;146-774-186 00;146-774-186 00;1.00;true;[SNILS_204]
PHONE:51437-51452;PHONE;51437;51452;7-923-556-15-43;+79235561543;0.90;true;[PHONE_133]
PHONE:51504-51519;PHONE;51504;51519;8 928 957 44 82;+79289574482;0.90;true;[PHONE_134]
PER:51633-51645;PER;51633;51645;И.О. Сидоров;;0.50;false;[PER_002]
PER:51701-51713;PER;51701;51713;И.О. Сидоров;;0.50;false;[PER_002]
SNILS:51869-51883;SNILS;51869;51883;938-068-687 62;938-068-687 62;1.00;true;[SNILS_205]
PER:52026-52038;PER;52026;52038;И.О. Сидоров;;0.50;false;[PER_002]
PER:52223-52235;PER;52223;52235;Женя Сидоров;;0.50;false;[PER_045]
ADDR:52280-52315;ADDR;52280;52315;Республика Тверь, пр-кт Победы, д 1;;0.70;false;[ADDR_024]
PER:52339-52352;PER;52339;52352;Надежда Серов;;0.50;false;[PER_046]
SNILS:52581-52595;SNILS;52581;52595;162-299-911 93;162-299-911 93;1.00;true;[SNILS_206]
PHONE:52667-52682;PHONE;52667;52682;7-949-770-72-83;+79497707283;0.90;true;[PHONE_135]
PER:52789-52800;PER;52789;52800;Пётр Иванов;;0.50;false;[PER_047]
SNILS:52874-52888;SNILS;52874;52888;530-745-054 64;530-745-054 64;1.00;true;[SNILS_207]
PHONE:52938-52953;PHONE;52938;52953;8 935 963 72 99;+79359637299;0.90;true;[PHONE_136]
PER:52988-52998;PER;52988;52998;И.О. Батов;;0.50;false;[PER_048]
SNILS:53072-53086;SNILS;53072;53086;546-913-736 21;546-913-736 21;1.00;true;[SNILS_208]
PER:53119-53131;PER;53119;53131;И.О. Сидоров;;0.50;false;[PER_002]
SNILS:53218-53232;SNILS;53218;53232;850-821-486 06;850-821-486 06;1.00;true;[SNILS_209]
PER:53265-53279;PER;53265;53279;Максим Кравцов;;0.50;false;[PER_038]
ADDR:53324-53365;ADDR;53324;53365;р-н Санкт-Петербург, пер. Чехова, д.7, кв;;0.70;false;[ADDR_025]
ADDR:53456-53516;ADDR;53456;53516;"УЛ. ЛЕНИНА 5-2.
В обл. Казань, ул. Ленина, д. 5 к.1 стр.2 кв";;0.70;false;[ADDR_026]
ADDR:53545-53573;ADDR;53545;53573;с. Рим, пер. Чехова, д.7, кв;;0.70;false;[ADDR_027]
PHONE:53618-53636;PHONE;53618;53636;+7 (959) 617-60-91;+79596176091;0.90;true;[PHONE_137]
PER:53671-53690;PER;53671;53690;Иван Сидоров-Петров;;0.50;false;[PER_049]
SNILS:53773-53784;SNILS;53773;53784;79442674398;794-426-743 98;0.20;false;[SNILS_210]
ADDR:53821-53862;ADDR;53821;53862;пос. Тверь, ул. Ленина, д. 5 к.1 стр.2 кв;;0.70;false;[ADDR_028]
PER:53991-54003;PER;53991;54003;И.О. Сидоров;;0.50;false;[PER_002]
SNILS:54090-54104;SNILS;54090;54104;800-722-903 61;800-722-903 61;1.00;true;[SNILS_211]
PHONE:54154-54169;PHONE;54154;54169;7-977-924-49-92;+79779244992;0.90;true;[PHONE_138]
SNILS:54235-54249;SNILS;54235;54249;574-374-896 44;574-374-896 44;1.00;true;[SNILS_212]
SNILS:54323-54334;SNILS;54323;54334;79717628687;797-176-286 87;0.20;false;[SNILS_213]
PER:54369-54381;PER;54369;54381;И.О. Сидоров;;0.50;false;[PER_002]
PHONE:54513-54528;PHONE;54513;54528;8 981 432 45 43;+79814324543;0.90;true;[PHONE_139]
PER:54563-54577;PER;54563;54577;Максим Лебедев;;0.50;false;[PER_050]
PER:54620-54631;PER;54620;54631;Рим Лебедев;;0.50;false;[PER_051]
SNILS:54964-54978;SNILS;54964;54978;446-660-993 22;446-660-993 22;1.00;true;[SNILS_214]
PHONE:55028-55043;PHONE;55028;55043;7-992-830-38-97;+79928303897;0.90;true;[PHONE_140]
PER:55078-55090;PER;55078;55090;И.О. Сидоров;;0.50;false;[PER_002]
PHONE:55163-55178;PHONE;55163;55178;8 964 407 31 94;+79644073194;0.90;true;[PHONE_141]
PHONE:55230-55245;PHONE;55230;55245;8 912 582 26 43;+79125822643;0.90;true;[PHONE_142]
PER:55280-55292;PER;55280;55292;И.О. Сидоров;;0.50;false;[PER_002]
SNILS:55366-55377;SNILS;55366;55377;79831913855;798-319-138 55;0.20;false;[SNILS_215]
SNILS:55443-55457;SNILS;55443;55457;554-947-170 30;554-947-170 30;1.00;true;[SNILS_216]
PER:55569-55581;PER;55569;55581;И.О. Сидоров;;0.50;false;[PER_002]
PER:55659-55671;PER;55659;55671;И.О. Сидоров;;0.50;false;[PER_002]
SNILS:55758-55772;SNILS;55758;55772;846-022-356 88;846-022-356 88;1.00;true;[SNILS_217]
PER:55835-55853;PER;55835;55853;Май Сидоров-Петров;;0.50;false;[PER_052]
PHONE:55913-55931;PHONE;55913;55931;+7 (980) 281-50-91;+79802815091;0.90;true;[PHONE_143]
SNILS:55997-56011;SNILS;55997;56011;432-927-129 81;432-927-129 81;1.00;true;[SNILS_218]
SNILS:56075-56089;SNILS;56075;56089;666-760-083 33;666-760-083 33;1.00;true;[SNILS_219]
PER:56122-56134;PER;56122;56134;И.О. Сидоров;;0.50;false;[PER_002]
PHONE:56207-56225;PHONE;56207;56225;+7 (901) 429-77-34;+79014297734;0.90;true;[PHONE_144]
PER:56260-56272;PER;56260;56272;И.О. Сидоров;;0.50;false;[PER_002]
PER:56328-56340;PER;56328;56340;И.О. Сидоров;;0.50;false;[PER_002]
PER:56396-56406;PER;56396;56406;Саша Батов;;0.50;false;[PER_053]
PHONE:56466-56494;PHONE;56466;56494;+7 (939) 232-23-59 доб. 8256;;0.90;true;[PHONE_145]
PHONE:56546-56561;PHONE;56546;56561;7-921-166-15-48;+79211661548;0.90;true;[PHONE_146]
PER:56596-56608;PER;56596;56608;И.О. Сидоров;;0.50;false;[PER_002]
PHONE:56782-56797;PHONE;56782;56797;8 996 292 31 61;+79962923161;0.90;true;[PHONE_147]
PER:56893-56905;PER;56893;56905;И.О. Сидоров;;0.50;false;[PER_002]
PHONE:57047-57075;PHONE;57047;57075;+7 (991) 766-14-58 доб. 4200;;0.90;true;[PHONE_148]
SNILS:57216-57230;SNILS;57216;57230;184-723-046 78;184-723-046 78;1.00;true;[SNILS_220]
PER:57263-57275;PER;57263;57275;И.О. Сидоров;;0.50;false;[PER_002]
SNILS:57418-57432;SNILS;57418;57432;189-141-173 85;189-141-173 85;1.00;true;[SNILS_221]
SNILS:57518-57532;SNILS;57518;57532;420-873-753 80;420-873-753 80;1.00;true;[SNILS_222]
ADDR:57567-57600;ADDR;57567;57600;город Владимир, пр-кт Победы, д 1;;0.70;false;[ADDR_029]
PER:57725-57737;PER;57725;57737;И.О. Сидоров;;0.50;false;[PER_002]
PHONE:57872-57890;PHONE;57872;57890;+7 (933) 575-16-22;+79335751622;0.90;true;[PHONE_149]
PHONE:58021-58039;PHONE;58021;58039;+7 (946) 920-96-50;+79469209650;0.90;true;[PHONE_150]
PER:58147-58159;PER;58147;58159;И.О. Сидоров;;0.50;false;[PER_002]
PER:58215-58227;PER;58215;58227;И.О. Сидоров;;0.50;false;[PER_002]
SNILS:58379-58393;SNILS;58379;58393;941-552-166 02;941-552-166 02;1.00;true;[SNILS_223]
SNILS:58457-58471;SNILS;58457;58471;467-621-202 90;467-621-202 90;1.00;true;[SNILS_224]
PER:58559-58571;PER;58559;58571;Пётр Лебедев;;0.50;false;[PER_054]
PHONE:58631-58646;PHONE;58631;58646;7-978-129-97-26;+79781299726;0.90;true;[PHONE_151]
PER:58800-58812;PER;58800;58812;И.О. Сидоров;;0.50;false;[PER_002]
PER:58947-58959;PER;58947;58959;И.О. Сидоров;;0.50;false;[PER_002]
PHONE:59117-59145;PHONE;59117;59145;+7 (984) 792-92-59 доб. 2445;;0.90;true;[PHONE_152]
SNILS:59233-59247;SNILS;59233;59247;721-753-540 87;721-753-540 87;1.00;true;[SNILS_225]
SNILS:59520-59534;SNILS;59520;59534;608-801-994 09;608-801-994 09;1.00;true;[SNILS_226]
PER:59748-59760;PER;59748;59760;И.О. Сидоров;;0.50;false;[PER_002]
SNILS:59894-59905;SNILS;59894;59905;79819194780;798-191-947 80;0.20;false;[SNILS_227]
PER:59940-59952;PER;59940;59952;И.О. Сидоров;;0.50;false;[PER_002]
PER:60079-60091;PER;60079;60091;Елена Петров;;0.50;false;[PER_055]
PHONE:60151-60166;PHONE;60151;60166;8 978 300 34 25;+79783003425;0.90;true;[PHONE_153]
SNILS:60232-60246;SNILS;60232;60246;351-609-177 69;351-609-177 69;1.00;true;[SNILS_228]
PER:60279-60291;PER;60279;60291;И.О. Сидоров;;0.50;false;[PER_002]
SNILS:60547-60561;SNILS;60547;60561;693-465-472 47;693-465-472 47;1.00;true;[SNILS_229]
PER:60594-60607;PER;60594;60607;Елена Кравцов;;0.50;false;[PER_056]
PER:60650-60662;PER;60650;60662;И.О. Сидоров;;0.50;false;[PER_002]
PER:60718-60730;PER;60718;60730;И.О. Сидоров;;0.50;false;[PER_002]
PHONE:60857-60885;PHONE;60857;60885;+7 (987) 453-96-26 доб. 2923;;0.90;true;[PHONE_154]
ADDR:61038-61083;ADDR;61038;61083;"УЛ. ЛЕНИНА 5-2.
В г. Пермь, пр-кт Победы, д 1";;0.70;false;[ADDR_030]
SNILS:61138-61152;SNILS;61138;61152;200-342-442 86;200-342-442 86;1.00;true;[SNILS_230]
ADDR:61248-61298;ADDR;61248;61298;"УЛ. ЛЕНИНА 5-2.
В край Томск, пер. Чехова, д.7, кв";;0.70;false;[ADDR_031]
PER:61425-61437;PER;61425;61437;И.О. Сидоров;;0.50;false;[PER_002]
PHONE:61510-61538;PHONE;61510;61538;+7 (970) 155-11-42 доб. 3337;;0.90;true;[PHONE_155]
SNILS:61920-61934;SNILS;61920;61934;359-893-347 57;359-893-347 57;1.00;true;[SNILS_231]
PER:61967-61978;PER;61967;61978;Май Сидоров;;0.50;false;[PER_057]
PER:62021-62034;PER;62021;62034;Максим Петров;;0.50;false;[PER_058]
SNILS:62108-62122;SNILS;62108;62122;064-842-294 79;064-842-294 79;1.00;true;[SNILS_232]
PER:62363-62375;PER;62363;62375;И.О. Сидоров;;0.50;false;[PER_002]
PER:62533-62545;PER;62533;62545;И.О. Сидоров;;0.50;false;[PER_002]
PHONE:62618-62646;PHONE;62618;62646;+7 (967) 325-33-76 доб. 1127;;0.90;true;[PHONE_156]
PER:62768-62780;PER;62768;62780;И.О. Сидоров;;0.50;false;[PER_002]
PHONE:62853-62868;PHONE;62853;62868;7-942-469-47-37;+79424694737;0.90;true;[PHONE_157]
PER:62925-62937;PER;62925;62937;И.О. Сидоров;;0.50;false;[PER_002]
PER:63150-63162;PER;63150;63162;И.О. Сидоров;;0.50;false;[PER_002]
PHONE:63235-63250;PHONE;63235;63250;7-903-629-57-75;+79036295775;0.90;true;[PHONE_158]
SNILS:63316-63330;SNILS;63316;63330;043-581-128 41;043-581-128 41;1.00;true;[SNILS_233]
PER:63471-63482;PER;63471;63482;Елена Серов;;0.50;false;[PER_059]
PER:63592-63604;PER;63592;63604;И.О. Сидоров;;0.50;false;[PER_002]
PER:63819-63831;PER;63819;63831;И.О. Сидоров;;0.50;false;[PER_002]
SNILS:63905-63916;SNILS;63905;63916;79041891916;790-418-919 16;0.20;false;[SNILS_234]
SNILS:64004-64018;SNILS;64004;64018;665-061-809 02;665-061-809 02;1.00;true;[SNILS_235]
ADDR:64053-64088;ADDR;64053;64088;посёлок Владимир, пр-кт Победы, д 1;;0.70;false;[ADDR_032]
PHONE:64151-64166;PHONE;64151;64166;7-997-548-58-60;+79975485860;0.90;true;[PHONE_159]
PER:64259-64271;PER;64259;64271;Пётр Лебедев;;0.50;false;[PER_054]
PER:64504-64516;PER;64504;64516;И.О. Сидоров;;0.50;false;[PER_002]
PHONE:64589-64607;PHONE;64589;64607;+7 (901) 666-81-28;+79016668128;0.90;true;[PHONE_160]
PER:64767-64778;PER;64767;64778;Елена Юрьев;;0.50;false;[PER_020]
PHONE:65024-65042;PHONE;65024;65042;+7 (924) 217-33-95;+79242173395;0.90;true;[PHONE_161]
PER:65320-65332;PER;65320;65332;И.О. Сидоров;;0.50;false;[PER_002]
PER:65419-65431;PER;65419;65431;И.О. Сидоров;;0.50;false;[PER_002]
PHONE:65592-65607;PHONE;65592;65607;8 978 775 49 98;+79787754998;0.90;true;[PHONE_162]
PER:65663-65673;PER;65663;65673;Саша Батов;;0.50;false;[PER_053]
PER:65716-65728;PER;65716;65728;И.О. Сидоров;;0.50;false;[PER_002]
PER:65784-65796;PER;65784;65796;И.О. Сидоров;;0.50;false;[PER_002]
SNILS:65883-65897;SNILS;65883;65897;452-577-754 16;452-577-754 16;1.00;true;[SNILS_236]
SNILS:65961-65975;SNILS;65961;65975;812-914-283 93;812-914-283 93;1.00;true;[SNILS_237]
PHONE:66025-66052;PHONE;66025;66052;+7 (993) 741-19-19 доб. 315;;0.90;true;[PHONE_163]
PER:66087-66099;PER;66087;66099;И.О. Сидоров;;0.50;false;[PER_002]
ADDR:66157-66187;ADDR;66157;66187;г. Тверь, пер. Чехова, д.7, кв;;0.70;false;[ADDR_033]
PER:66375-66387;PER;66375;66387;И.О. Сидоров;;0.50;false;[PER_002]
SNILS:66461-66475;SNILS;66461;66475;881-658-039 49;881-658-039 49;1.00;true;[SNILS_238]
PER:66508-66520;PER;66508;66520;И.О. Сидоров;;0.50;false;[PER_002]
PER:66576-66590;PER;66576;66590;Максим Сидоров;;0.50;false;[PER_034]
SNILS:66664-66678;SNILS;66664;66678;229-927-503 05;229-927-503 05;1.00;true;[SNILS_239]
SNILS:66821-66835;SNILS;66821;66835;314-530-385 37;314-530-385 37;1.00;true;[SNILS_240]
SNILS:66899-66913;SNILS;66899;66913;770-051-844 83;770-051-844 83;1.00;true;[SNILS_241]
SNILS:67007-67021;SNILS;67007;67021;591-846-386 45;591-846-386 45;1.00;true;[SNILS_242]
PHONE:67071-67098;PHONE;67071;67098;+7 (944) 598-71-87 доб. 118;;0.90;true;[PHONE_164]
PER:67133-67146;PER;67133;67146;Роман Сидоров;;0.50;false;[PER_060]
PER:67243-67255;PER;67243;67255;И.О. Сидоров;;0.50;false;[PER_002]
PHONE:67328-67356;PHONE;67328;67356;+7 (927) 253-33-30 доб. 5944;;0.90;true;[PHONE_165]
PER:67391-67403;PER;67391;67403;И.О. Сидоров;;0.50;false;[PER_002]
PER:67593-67605;PER;67593;67605;И.О. Сидоров;;0.50;false;[PER_002]
PER:67722-67733;PER;67722;67733;Мария Юрьев;;0.50;false;[PER_061]
SNILS:67886-67900;SNILS;67886;67900;030-299-228 34;030-299-228 34;1.00;true;[SNILS_243]
PHONE:68030-68048;PHONE;68030;68048;+7 (923) 629-61-86;+79236296186;0.90;true;[PHONE_166]
PER:68083-68095;PER;68083;68095;И.О. Сидоров;;0.50;false;[PER_002]
PER:68151-68163;PER;68151;68163;И.О. Сидоров;;0.50;false;[PER_002]
PER:68219-68231;PER;68219;68231;И.О. Сидоров;;0.50;false;[PER_002]
PHONE:68383-68398;PHONE;68383;68398;7-910-321-67-87;+79103216787;0.90;true;[PHONE_167]
PER:68433-68443;PER;68433;68443;Саша Серов;;0.50;false;[PER_062]
SNILS:68517-68531;SNILS;68517;68531;929-298-425 68;929-298-425 68;1.00;true;[SNILS_244]
SNILS:68595-68609;SNILS;68595;68609;991-366-210 38;991-366-210 38;1.00;true;[SNILS_245]
PER:68642-68654;PER;68642;68654;Максим Серов;;0.50;false;[PER_063]
PER:68740-68752;PER;68740;68752;И.О. Сидоров;;0.50;false;[PER_002]
PER:68808-68818;PER;68808;68818;Макс Серов;;0.50;false;[PER_064]
PHONE:68944-68959;PHONE;68944;68959;7-905-814-77-64;+79058147764;0.90;true;[PHONE_168]
SNILS:69183-69197;SNILS;69183;69197;599-162-473 51;599-162-473 51;1.00;true;[SNILS_246]
PHONE:69392-69410;PHONE;69392;69410;+7 (924) 105-10-83;+79241051083;0.90;true;[PHONE_169]
SNILS:69499-69513;SNILS;69499;69513;512-694-486 97;512-694-486 97;1.00;true;[SNILS_247]
SNILS:69599-69613;SNILS;69599;69613;887-258-874 94;887-258-874 94;1.00;true;[SNILS_248]
PHONE:69663-69678;PHONE;69663;69678;8 973 452 60 27;+79734526027;0.90;true;[PHONE_170]
SNILS:69744-69758;SNILS;69744;69758;213-865-890 86;213-865-890 86;1.00;true;[SNILS_249]
PER:69791-69801;PER;69791;69801;Пётр Юрьев;;0.50;false;[PER_065]
PHONE:69961-69989;PHONE;69961;69989;+7 (910) 723-14-59 доб. 6574;;0.90;true;[PHONE_171]
PER:70024-70036;PER;70024;70036;И.О. Сидоров;;0.50;false;[PER_002]
